,Topic number,coherence_values
0,2,0.3122924244274976
1,3,0.32394173415238725
2,4,0.33071751959927403
3,5,0.3698612350693419
4,6,0.3567046970228743
5,7,0.3908811799136567
6,8,0.37731491334857037
7,9,0.3873946505057933
8,10,0.38700275061865186
9,11,0.3905755751214413
10,12,0.40805528777285827
11,13,0.4023282488980651
12,14,0.4251910754745019
13,15,0.42190791854505616
