,Topic number,coherence_values
0,2,0.22225987055854335
1,3,0.20139764256419634
2,4,0.239113857124971
3,5,0.2456390683761785
4,6,0.32225071628064533
5,7,0.3652921657710045
6,8,0.31309609523041515
7,9,0.33509041754590174
8,10,0.31925566698181923
9,11,0.3802292394912073
10,12,0.3745254942689689
11,13,0.3602455467066409
12,14,0.41217544054852917
13,15,0.39064407039259896
