word,counts,frequency
特斯拉,367,0.875895
马斯克,26,0.062053
电池,19,0.045346
加速,4,0.009547
科技,1,0.002387
电动,1,0.002387
屏幕,1,0.002387
