Epoch,train_loss,train_acc
0001,0.216785,0.920173
0002,0.203010,0.930642
0003,0.165099,0.942621
0004,0.154213,0.947051
0005,0.151121,0.948661
0006,0.140331,0.953090
0007,0.150206,0.947755
0008,0.128322,0.955406
0009,0.131434,0.955305
0010,0.135205,0.951983
