,Topic number,coherence_values
0,2,0.22533112585042475
1,3,0.22321115255903323
2,4,0.2578169246191466
3,5,0.2446815632373028
4,6,0.31673367326212154
5,7,0.33267694093626293
6,8,0.3202945042724997
7,9,0.31702178217201316
8,10,0.32399161884983213
9,11,0.33914489630713435
10,12,0.3808742785804837
11,13,0.36507651324411594
12,14,0.3611260987271911
13,15,0.39119022156699845
